brand,model,vehicle_category,fuel_type,transmission,drivetrain,price_inr,horsepower_hp,torque_nm,mileage_kmpl,ev_range_km,safety_rating,airbags,brand_logo_file,vehicle_image_file,powertrain_icon_file,transmission_icon_file,drivetrain_icon_file,model_3d_archetype
Tata,Starbus,Bus,Diesel,Manual,RWD,2816550.4,140.0,400.1,11.99,0.0,4.0,1.0,assets/logos/tata.svg,assets/vehicles/tata_starbus.png,assets/powertrains/diesel.svg,assets/transmissions/manual.svg,assets/drivetrains/rwd.svg,truck
Ashok Leyland,JanBus,Bus,Diesel,Manual,RWD,3364137.2,222.0,579.6,4.79,0.0,4.0,1.0,assets/logos/ashok_leyland.svg,assets/vehicles/ashok_leyland_janbus.png,assets/powertrains/diesel.svg,assets/transmissions/manual.svg,assets/drivetrains/rwd.svg,truck
Volvo,9400,Bus,Diesel,Automatic,RWD,5778215.2,380.3,1752.1,4.51,0.0,5.0,2.0,assets/logos/volvo.svg,assets/vehicles/volvo_9400.png,assets/powertrains/diesel.svg,assets/transmissions/automatic.svg,assets/drivetrains/rwd.svg,truck
Tata,Nexon EV,Electric Vehicle,Electric,Automatic,FWD,1674701.8,145.0,214.9,0.0,465.7,5.0,6.0,assets/logos/tata.svg,assets/vehicles/tata_nexon_ev.png,assets/powertrains/electric.svg,assets/transmissions/automatic.svg,assets/drivetrains/fwd.svg,car
Mahindra,XUV400,Electric Vehicle,Electric,Automatic,FWD,1715185.5,149.9,310.2,0.0,455.8,5.0,6.0,assets/logos/mahindra.svg,assets/vehicles/mahindra_xuv400.png,assets/powertrains/electric.svg,assets/transmissions/automatic.svg,assets/drivetrains/fwd.svg,car
MG,ZS EV,Electric Vehicle,Electric,Automatic,FWD,2176606.7,177.1,280.0,0.0,461.5,5.0,6.0,assets/logos/mg.svg,assets/vehicles/mg_zs_ev.png,assets/powertrains/electric.svg,assets/transmissions/automatic.svg,assets/drivetrains/fwd.svg,car
Tata,Tiago,Hatchback,Petrol,AMT,FWD,665756.5,85.9,113.0,20.02,0.0,4.0,3.3,assets/logos/tata.svg,assets/vehicles/tata_tiago.png,assets/powertrains/petrol.svg,assets/transmissions/amt.svg,assets/drivetrains/fwd.svg,car
Maruti Suzuki,Swift,Hatchback,Petrol,AMT,FWD,779030.5,82.0,112.0,25.72,0.0,4.0,6.0,assets/logos/maruti_suzuki.svg,assets/vehicles/maruti_suzuki_swift.png,assets/powertrains/petrol.svg,assets/transmissions/amt.svg,assets/drivetrains/fwd.svg,car
Hyundai,i20,Hatchback,Petrol,Manual,FWD,876919.2,120.0,172.0,19.99,0.0,4.0,6.0,assets/logos/hyundai.svg,assets/vehicles/hyundai_i20.png,assets/powertrains/petrol.svg,assets/transmissions/manual.svg,assets/drivetrains/fwd.svg,car
Hero,Splendor,Motorcycle,Petrol,Manual,RWD,78795.1,8.0,8.1,65.58,0.0,3.5,0.0,assets/logos/hero.svg,assets/vehicles/hero_splendor.png,assets/powertrains/petrol.svg,assets/transmissions/manual.svg,assets/drivetrains/rwd.svg,car
TVS,Apache,Motorcycle,Petrol,Manual,RWD,133426.8,20.8,17.2,42.07,0.0,4.0,0.0,assets/logos/tvs.svg,assets/vehicles/tvs_apache.png,assets/powertrains/petrol.svg,assets/transmissions/manual.svg,assets/drivetrains/rwd.svg,car
Bajaj,Pulsar,Motorcycle,Petrol,Manual,RWD,145298.2,24.1,21.5,43.85,0.0,4.0,0.0,assets/logos/bajaj.svg,assets/vehicles/bajaj_pulsar.png,assets/powertrains/petrol.svg,assets/transmissions/manual.svg,assets/drivetrains/rwd.svg,car
Mahindra,Bolero Pickup,Pickup Truck,Diesel,Manual,RWD,948237.8,76.0,200.0,14.32,0.0,3.0,1.6,assets/logos/mahindra.svg,assets/vehicles/mahindra_bolero_pickup.png,assets/powertrains/diesel.svg,assets/transmissions/manual.svg,assets/drivetrains/rwd.svg,truck
Tata,Yodha,Pickup Truck,Diesel,Manual,RWD,983698.2,100.0,250.2,14.79,0.0,3.5,1.6,assets/logos/tata.svg,assets/vehicles/tata_yodha.png,assets/powertrains/diesel.svg,assets/transmissions/manual.svg,assets/drivetrains/rwd.svg,truck
Isuzu,D-Max,Pickup Truck,Diesel,Automatic,AWD,2276947.1,162.9,359.8,14.49,0.0,4.5,6.0,assets/logos/isuzu.svg,assets/vehicles/isuzu_d-max.png,assets/powertrains/diesel.svg,assets/transmissions/automatic.svg,assets/drivetrains/awd.svg,truck
Tata,Nexon,SUV,Petrol,Manual,FWD,1149177.0,120.0,170.0,17.4,0.0,5.0,6.0,assets/logos/tata.svg,assets/vehicles/tata_nexon.png,assets/powertrains/petrol.svg,assets/transmissions/manual.svg,assets/drivetrains/fwd.svg,suv
Hyundai,Creta,SUV,Petrol,Automatic,FWD,1490970.6,160.0,252.9,18.18,0.0,4.5,6.0,assets/logos/hyundai.svg,assets/vehicles/hyundai_creta.png,assets/powertrains/petrol.svg,assets/transmissions/automatic.svg,assets/drivetrains/fwd.svg,suv
Mahindra,Scorpio N,SUV,Petrol,Automatic,RWD,1859892.4,202.8,380.1,13.68,0.0,5.0,6.0,assets/logos/mahindra.svg,assets/vehicles/mahindra_scorpio_n.png,assets/powertrains/petrol.svg,assets/transmissions/automatic.svg,assets/drivetrains/rwd.svg,suv
TVS,Jupiter,Scooter,Petrol,CVT,RWD,81050.7,7.9,8.8,51.49,0.0,3.5,0.0,assets/logos/tvs.svg,assets/vehicles/tvs_jupiter.png,assets/powertrains/petrol.svg,assets/transmissions/cvt.svg,assets/drivetrains/rwd.svg,car
Honda,Activa,Scooter,Petrol,Automatic,RWD,82871.9,7.8,8.9,50.01,0.0,3.5,0.0,assets/logos/honda.svg,assets/vehicles/honda_activa.png,assets/powertrains/petrol.svg,assets/transmissions/automatic.svg,assets/drivetrains/rwd.svg,car
Suzuki,Access 125,Scooter,Petrol,Automatic,RWD,86796.3,8.7,10.0,47.98,0.0,4.0,0.0,assets/logos/suzuki.svg,assets/vehicles/suzuki_access_125.png,assets/powertrains/petrol.svg,assets/transmissions/automatic.svg,assets/drivetrains/rwd.svg,car
Maruti Suzuki,Ciaz,Sedan,Petrol,Manual,FWD,1070023.6,105.1,138.0,20.61,0.0,4.0,3.4,assets/logos/maruti_suzuki.svg,assets/vehicles/maruti_suzuki_ciaz.png,assets/powertrains/petrol.svg,assets/transmissions/manual.svg,assets/drivetrains/fwd.svg,car
Honda,City,Sedan,Petrol,CVT,FWD,1381265.5,120.9,145.0,18.41,0.0,5.0,5.3,assets/logos/honda.svg,assets/vehicles/honda_city.png,assets/powertrains/petrol.svg,assets/transmissions/cvt.svg,assets/drivetrains/fwd.svg,car
Hyundai,Verna,Sedan,Petrol,Automatic,FWD,1381603.2,160.0,253.0,20.58,0.0,5.0,6.0,assets/logos/hyundai.svg,assets/vehicles/hyundai_verna.png,assets/powertrains/petrol.svg,assets/transmissions/automatic.svg,assets/drivetrains/fwd.svg,car
Ashok Leyland,Boss,Truck,Diesel,AMT,RWD,2774602.3,204.1,613.5,5.79,0.0,4.0,1.0,assets/logos/ashok_leyland.svg,assets/vehicles/ashok_leyland_boss.png,assets/powertrains/diesel.svg,assets/transmissions/amt.svg,assets/drivetrains/rwd.svg,truck
Eicher,Pro 3015,Truck,Diesel,Manual,RWD,2803160.1,211.0,567.9,6.2,0.0,4.0,1.0,assets/logos/eicher.svg,assets/vehicles/eicher_pro_3015.png,assets/powertrains/diesel.svg,assets/transmissions/manual.svg,assets/drivetrains/rwd.svg,truck
Tata,Prima,Truck,Diesel,Manual,RWD,4070113.5,280.3,1100.6,3.81,0.0,4.5,2.0,assets/logos/tata.svg,assets/vehicles/tata_prima.png,assets/powertrains/diesel.svg,assets/transmissions/manual.svg,assets/drivetrains/rwd.svg,truck
Maruti Suzuki,Eeco,Van,Diesel,Manual,RWD,586234.2,81.0,104.0,19.7,0.0,3.0,2.0,assets/logos/maruti_suzuki.svg,assets/vehicles/maruti_suzuki_eeco.png,assets/powertrains/diesel.svg,assets/transmissions/manual.svg,assets/drivetrains/rwd.svg,truck
Force,Traveller,Van,Diesel,Manual,RWD,1678193.9,115.0,349.9,13.99,0.0,3.5,2.0,assets/logos/force.svg,assets/vehicles/force_traveller.png,assets/powertrains/diesel.svg,assets/transmissions/manual.svg,assets/drivetrains/rwd.svg,truck
Toyota,Innova,Van,Diesel,Manual,RWD,2354088.6,150.2,359.9,15.61,0.0,5.0,7.0,assets/logos/toyota.svg,assets/vehicles/toyota_innova.png,assets/powertrains/diesel.svg,assets/transmissions/manual.svg,assets/drivetrains/rwd.svg,truck
