Brand,Model,Category,Fuel Type,Avg Price (INR),Horsepower (HP),Torque (Nm),Efficiency (kmpl / km),Safety Rating,Vehicle PNG URL (Tableau Image Role),Vehicle JPG URL,Brand Logo URL,Category Icon URL,Interactive Portal URL
Tata,Starbus,Bus,Diesel,2816550.4,140.0,400.1,11.99,4.0,https://hazardous9hub.github.io/Indian-Automotive-Specification-Intelligence-Portal/assets/vehicles_v2/tata_starbus.png,https://hazardous9hub.github.io/Indian-Automotive-Specification-Intelligence-Portal/assets/vehicles/tata_starbus.jpg,https://hazardous9hub.github.io/Indian-Automotive-Specification-Intelligence-Portal/assets/logos/tata.svg,https://hazardous9hub.github.io/Indian-Automotive-Specification-Intelligence-Portal/assets/body_styles/bus.svg,https://hazardous9hub.github.io/Indian-Automotive-Specification-Intelligence-Portal/?brand=Tata&model=Starbus&fuel=Diesel
Ashok Leyland,JanBus,Bus,Diesel,3364137.2,222.0,579.6,4.79,4.0,https://hazardous9hub.github.io/Indian-Automotive-Specification-Intelligence-Portal/assets/vehicles_v2/ashok_leyland_janbus.png,https://hazardous9hub.github.io/Indian-Automotive-Specification-Intelligence-Portal/assets/vehicles/ashok_leyland_janbus.jpg,https://hazardous9hub.github.io/Indian-Automotive-Specification-Intelligence-Portal/assets/logos/ashok_leyland.svg,https://hazardous9hub.github.io/Indian-Automotive-Specification-Intelligence-Portal/assets/body_styles/bus.svg,https://hazardous9hub.github.io/Indian-Automotive-Specification-Intelligence-Portal/?brand=Ashok+Leyland&model=JanBus&fuel=Diesel
Volvo,9400,Bus,Diesel,5778215.2,380.3,1752.1,4.51,5.0,https://hazardous9hub.github.io/Indian-Automotive-Specification-Intelligence-Portal/assets/vehicles_v2/volvo_9400.png,https://hazardous9hub.github.io/Indian-Automotive-Specification-Intelligence-Portal/assets/vehicles/volvo_9400.jpg,https://hazardous9hub.github.io/Indian-Automotive-Specification-Intelligence-Portal/assets/logos/volvo.svg,https://hazardous9hub.github.io/Indian-Automotive-Specification-Intelligence-Portal/assets/body_styles/bus.svg,https://hazardous9hub.github.io/Indian-Automotive-Specification-Intelligence-Portal/?brand=Volvo&model=9400&fuel=Diesel
Tata,Nexon EV,Electric Vehicle,Electric,1674701.8,145.0,214.9,465.7,5.0,https://hazardous9hub.github.io/Indian-Automotive-Specification-Intelligence-Portal/assets/vehicles_v2/tata_nexon_ev.png,https://hazardous9hub.github.io/Indian-Automotive-Specification-Intelligence-Portal/assets/vehicles/tata_nexon_ev.jpg,https://hazardous9hub.github.io/Indian-Automotive-Specification-Intelligence-Portal/assets/logos/tata.svg,https://hazardous9hub.github.io/Indian-Automotive-Specification-Intelligence-Portal/assets/body_styles/electric_vehicle.svg,https://hazardous9hub.github.io/Indian-Automotive-Specification-Intelligence-Portal/?brand=Tata&model=Nexon+EV&fuel=Electric
Mahindra,XUV400,Electric Vehicle,Electric,1715185.5,149.9,310.2,455.8,5.0,https://hazardous9hub.github.io/Indian-Automotive-Specification-Intelligence-Portal/assets/vehicles_v2/mahindra_xuv400.png,https://hazardous9hub.github.io/Indian-Automotive-Specification-Intelligence-Portal/assets/vehicles/mahindra_xuv400.jpg,https://hazardous9hub.github.io/Indian-Automotive-Specification-Intelligence-Portal/assets/logos/mahindra.svg,https://hazardous9hub.github.io/Indian-Automotive-Specification-Intelligence-Portal/assets/body_styles/electric_vehicle.svg,https://hazardous9hub.github.io/Indian-Automotive-Specification-Intelligence-Portal/?brand=Mahindra&model=XUV400&fuel=Electric
MG,ZS EV,Electric Vehicle,Electric,2176606.7,177.1,280.0,461.5,5.0,https://hazardous9hub.github.io/Indian-Automotive-Specification-Intelligence-Portal/assets/vehicles_v2/mg_zs_ev.png,https://hazardous9hub.github.io/Indian-Automotive-Specification-Intelligence-Portal/assets/vehicles/mg_zs_ev.jpg,https://hazardous9hub.github.io/Indian-Automotive-Specification-Intelligence-Portal/assets/logos/mg.svg,https://hazardous9hub.github.io/Indian-Automotive-Specification-Intelligence-Portal/assets/body_styles/electric_vehicle.svg,https://hazardous9hub.github.io/Indian-Automotive-Specification-Intelligence-Portal/?brand=MG&model=ZS+EV&fuel=Electric
Tata,Tiago,Hatchback,Petrol,665756.5,85.9,113.0,20.02,4.0,https://hazardous9hub.github.io/Indian-Automotive-Specification-Intelligence-Portal/assets/vehicles_v2/tata_tiago.png,https://hazardous9hub.github.io/Indian-Automotive-Specification-Intelligence-Portal/assets/vehicles/tata_tiago.jpg,https://hazardous9hub.github.io/Indian-Automotive-Specification-Intelligence-Portal/assets/logos/tata.svg,https://hazardous9hub.github.io/Indian-Automotive-Specification-Intelligence-Portal/assets/body_styles/hatchback.svg,https://hazardous9hub.github.io/Indian-Automotive-Specification-Intelligence-Portal/?brand=Tata&model=Tiago&fuel=Petrol
Maruti Suzuki,Swift,Hatchback,Petrol,779030.5,82.0,112.0,25.72,4.0,https://hazardous9hub.github.io/Indian-Automotive-Specification-Intelligence-Portal/assets/vehicles_v2/maruti_suzuki_swift.png,https://hazardous9hub.github.io/Indian-Automotive-Specification-Intelligence-Portal/assets/vehicles/maruti_suzuki_swift.jpg,https://hazardous9hub.github.io/Indian-Automotive-Specification-Intelligence-Portal/assets/logos/maruti_suzuki.svg,https://hazardous9hub.github.io/Indian-Automotive-Specification-Intelligence-Portal/assets/body_styles/hatchback.svg,https://hazardous9hub.github.io/Indian-Automotive-Specification-Intelligence-Portal/?brand=Maruti+Suzuki&model=Swift&fuel=Petrol
Hyundai,i20,Hatchback,Petrol,876919.2,120.0,172.0,19.99,4.0,https://hazardous9hub.github.io/Indian-Automotive-Specification-Intelligence-Portal/assets/vehicles_v2/hyundai_i20.png,https://hazardous9hub.github.io/Indian-Automotive-Specification-Intelligence-Portal/assets/vehicles/hyundai_i20.jpg,https://hazardous9hub.github.io/Indian-Automotive-Specification-Intelligence-Portal/assets/logos/hyundai.svg,https://hazardous9hub.github.io/Indian-Automotive-Specification-Intelligence-Portal/assets/body_styles/hatchback.svg,https://hazardous9hub.github.io/Indian-Automotive-Specification-Intelligence-Portal/?brand=Hyundai&model=i20&fuel=Petrol
Hero,Splendor,Motorcycle,Petrol,78795.1,8.0,8.1,65.58,3.5,https://hazardous9hub.github.io/Indian-Automotive-Specification-Intelligence-Portal/assets/vehicles_v2/hero_splendor.png,https://hazardous9hub.github.io/Indian-Automotive-Specification-Intelligence-Portal/assets/vehicles/hero_splendor.jpg,https://hazardous9hub.github.io/Indian-Automotive-Specification-Intelligence-Portal/assets/logos/hero.svg,https://hazardous9hub.github.io/Indian-Automotive-Specification-Intelligence-Portal/assets/body_styles/motorcycle.svg,https://hazardous9hub.github.io/Indian-Automotive-Specification-Intelligence-Portal/?brand=Hero&model=Splendor&fuel=Petrol
TVS,Apache,Motorcycle,Petrol,133426.8,20.8,17.2,42.07,4.0,https://hazardous9hub.github.io/Indian-Automotive-Specification-Intelligence-Portal/assets/vehicles_v2/tvs_apache.png,https://hazardous9hub.github.io/Indian-Automotive-Specification-Intelligence-Portal/assets/vehicles/tvs_apache.jpg,https://hazardous9hub.github.io/Indian-Automotive-Specification-Intelligence-Portal/assets/logos/tvs.svg,https://hazardous9hub.github.io/Indian-Automotive-Specification-Intelligence-Portal/assets/body_styles/motorcycle.svg,https://hazardous9hub.github.io/Indian-Automotive-Specification-Intelligence-Portal/?brand=TVS&model=Apache&fuel=Petrol
Bajaj,Pulsar,Motorcycle,Petrol,145298.2,24.1,21.5,43.85,4.0,https://hazardous9hub.github.io/Indian-Automotive-Specification-Intelligence-Portal/assets/vehicles_v2/bajaj_pulsar.png,https://hazardous9hub.github.io/Indian-Automotive-Specification-Intelligence-Portal/assets/vehicles/bajaj_pulsar.jpg,https://hazardous9hub.github.io/Indian-Automotive-Specification-Intelligence-Portal/assets/logos/bajaj.svg,https://hazardous9hub.github.io/Indian-Automotive-Specification-Intelligence-Portal/assets/body_styles/motorcycle.svg,https://hazardous9hub.github.io/Indian-Automotive-Specification-Intelligence-Portal/?brand=Bajaj&model=Pulsar&fuel=Petrol
Mahindra,Bolero Pickup,Pickup Truck,Diesel,948237.8,76.0,200.0,14.32,3.0,https://hazardous9hub.github.io/Indian-Automotive-Specification-Intelligence-Portal/assets/vehicles_v2/mahindra_bolero_pickup.png,https://hazardous9hub.github.io/Indian-Automotive-Specification-Intelligence-Portal/assets/vehicles/mahindra_bolero_pickup.jpg,https://hazardous9hub.github.io/Indian-Automotive-Specification-Intelligence-Portal/assets/logos/mahindra.svg,https://hazardous9hub.github.io/Indian-Automotive-Specification-Intelligence-Portal/assets/body_styles/pickup_truck.svg,https://hazardous9hub.github.io/Indian-Automotive-Specification-Intelligence-Portal/?brand=Mahindra&model=Bolero+Pickup&fuel=Diesel
Tata,Yodha,Pickup Truck,Diesel,983698.2,100.0,250.2,14.79,3.5,https://hazardous9hub.github.io/Indian-Automotive-Specification-Intelligence-Portal/assets/vehicles_v2/tata_yodha.png,https://hazardous9hub.github.io/Indian-Automotive-Specification-Intelligence-Portal/assets/vehicles/tata_yodha.jpg,https://hazardous9hub.github.io/Indian-Automotive-Specification-Intelligence-Portal/assets/logos/tata.svg,https://hazardous9hub.github.io/Indian-Automotive-Specification-Intelligence-Portal/assets/body_styles/pickup_truck.svg,https://hazardous9hub.github.io/Indian-Automotive-Specification-Intelligence-Portal/?brand=Tata&model=Yodha&fuel=Diesel
Isuzu,D-Max,Pickup Truck,Diesel,2276947.1,162.9,359.8,14.49,4.5,https://hazardous9hub.github.io/Indian-Automotive-Specification-Intelligence-Portal/assets/vehicles_v2/isuzu_d-max.png,https://hazardous9hub.github.io/Indian-Automotive-Specification-Intelligence-Portal/assets/vehicles/isuzu_d-max.jpg,https://hazardous9hub.github.io/Indian-Automotive-Specification-Intelligence-Portal/assets/logos/isuzu.svg,https://hazardous9hub.github.io/Indian-Automotive-Specification-Intelligence-Portal/assets/body_styles/pickup_truck.svg,https://hazardous9hub.github.io/Indian-Automotive-Specification-Intelligence-Portal/?brand=Isuzu&model=D-Max&fuel=Diesel
Tata,Nexon,SUV,Petrol,1149177.0,120.0,170.0,17.4,5.0,https://hazardous9hub.github.io/Indian-Automotive-Specification-Intelligence-Portal/assets/vehicles_v2/tata_nexon.png,https://hazardous9hub.github.io/Indian-Automotive-Specification-Intelligence-Portal/assets/vehicles/tata_nexon.jpg,https://hazardous9hub.github.io/Indian-Automotive-Specification-Intelligence-Portal/assets/logos/tata.svg,https://hazardous9hub.github.io/Indian-Automotive-Specification-Intelligence-Portal/assets/body_styles/suv.svg,https://hazardous9hub.github.io/Indian-Automotive-Specification-Intelligence-Portal/?brand=Tata&model=Nexon&fuel=Petrol
Hyundai,Creta,SUV,Petrol,1490970.6,160.0,252.9,18.18,4.5,https://hazardous9hub.github.io/Indian-Automotive-Specification-Intelligence-Portal/assets/vehicles_v2/hyundai_creta.png,https://hazardous9hub.github.io/Indian-Automotive-Specification-Intelligence-Portal/assets/vehicles/hyundai_creta.jpg,https://hazardous9hub.github.io/Indian-Automotive-Specification-Intelligence-Portal/assets/logos/hyundai.svg,https://hazardous9hub.github.io/Indian-Automotive-Specification-Intelligence-Portal/assets/body_styles/suv.svg,https://hazardous9hub.github.io/Indian-Automotive-Specification-Intelligence-Portal/?brand=Hyundai&model=Creta&fuel=Petrol
Mahindra,Scorpio N,SUV,Petrol,1859892.4,202.8,380.1,13.68,5.0,https://hazardous9hub.github.io/Indian-Automotive-Specification-Intelligence-Portal/assets/vehicles_v2/mahindra_scorpio_n.png,https://hazardous9hub.github.io/Indian-Automotive-Specification-Intelligence-Portal/assets/vehicles/mahindra_scorpio_n.jpg,https://hazardous9hub.github.io/Indian-Automotive-Specification-Intelligence-Portal/assets/logos/mahindra.svg,https://hazardous9hub.github.io/Indian-Automotive-Specification-Intelligence-Portal/assets/body_styles/suv.svg,https://hazardous9hub.github.io/Indian-Automotive-Specification-Intelligence-Portal/?brand=Mahindra&model=Scorpio+N&fuel=Petrol
TVS,Jupiter,Scooter,Petrol,81050.7,7.9,8.8,51.49,3.5,https://hazardous9hub.github.io/Indian-Automotive-Specification-Intelligence-Portal/assets/vehicles_v2/tvs_jupiter.png,https://hazardous9hub.github.io/Indian-Automotive-Specification-Intelligence-Portal/assets/vehicles/tvs_jupiter.jpg,https://hazardous9hub.github.io/Indian-Automotive-Specification-Intelligence-Portal/assets/logos/tvs.svg,https://hazardous9hub.github.io/Indian-Automotive-Specification-Intelligence-Portal/assets/body_styles/scooter.svg,https://hazardous9hub.github.io/Indian-Automotive-Specification-Intelligence-Portal/?brand=TVS&model=Jupiter&fuel=Petrol
Honda,Activa,Scooter,Petrol,82871.9,7.8,8.9,50.01,3.5,https://hazardous9hub.github.io/Indian-Automotive-Specification-Intelligence-Portal/assets/vehicles_v2/honda_activa.png,https://hazardous9hub.github.io/Indian-Automotive-Specification-Intelligence-Portal/assets/vehicles/honda_activa.jpg,https://hazardous9hub.github.io/Indian-Automotive-Specification-Intelligence-Portal/assets/logos/honda.svg,https://hazardous9hub.github.io/Indian-Automotive-Specification-Intelligence-Portal/assets/body_styles/scooter.svg,https://hazardous9hub.github.io/Indian-Automotive-Specification-Intelligence-Portal/?brand=Honda&model=Activa&fuel=Petrol
Suzuki,Access 125,Scooter,Petrol,86796.3,8.7,10.0,47.98,4.0,https://hazardous9hub.github.io/Indian-Automotive-Specification-Intelligence-Portal/assets/vehicles_v2/suzuki_access_125.png,https://hazardous9hub.github.io/Indian-Automotive-Specification-Intelligence-Portal/assets/vehicles/suzuki_access_125.jpg,https://hazardous9hub.github.io/Indian-Automotive-Specification-Intelligence-Portal/assets/logos/suzuki.svg,https://hazardous9hub.github.io/Indian-Automotive-Specification-Intelligence-Portal/assets/body_styles/scooter.svg,https://hazardous9hub.github.io/Indian-Automotive-Specification-Intelligence-Portal/?brand=Suzuki&model=Access+125&fuel=Petrol
Maruti Suzuki,Ciaz,Sedan,Petrol,1070023.6,105.1,138.0,20.61,4.0,https://hazardous9hub.github.io/Indian-Automotive-Specification-Intelligence-Portal/assets/vehicles_v2/maruti_suzuki_ciaz.png,https://hazardous9hub.github.io/Indian-Automotive-Specification-Intelligence-Portal/assets/vehicles/maruti_suzuki_ciaz.jpg,https://hazardous9hub.github.io/Indian-Automotive-Specification-Intelligence-Portal/assets/logos/maruti_suzuki.svg,https://hazardous9hub.github.io/Indian-Automotive-Specification-Intelligence-Portal/assets/body_styles/sedan.svg,https://hazardous9hub.github.io/Indian-Automotive-Specification-Intelligence-Portal/?brand=Maruti+Suzuki&model=Ciaz&fuel=Petrol
Honda,City,Sedan,Petrol,1381265.5,120.9,145.0,18.41,5.0,https://hazardous9hub.github.io/Indian-Automotive-Specification-Intelligence-Portal/assets/vehicles_v2/honda_city.png,https://hazardous9hub.github.io/Indian-Automotive-Specification-Intelligence-Portal/assets/vehicles/honda_city.jpg,https://hazardous9hub.github.io/Indian-Automotive-Specification-Intelligence-Portal/assets/logos/honda.svg,https://hazardous9hub.github.io/Indian-Automotive-Specification-Intelligence-Portal/assets/body_styles/sedan.svg,https://hazardous9hub.github.io/Indian-Automotive-Specification-Intelligence-Portal/?brand=Honda&model=City&fuel=Petrol
Hyundai,Verna,Sedan,Petrol,1381603.2,160.0,253.0,20.58,5.0,https://hazardous9hub.github.io/Indian-Automotive-Specification-Intelligence-Portal/assets/vehicles_v2/hyundai_verna.png,https://hazardous9hub.github.io/Indian-Automotive-Specification-Intelligence-Portal/assets/vehicles/hyundai_verna.jpg,https://hazardous9hub.github.io/Indian-Automotive-Specification-Intelligence-Portal/assets/logos/hyundai.svg,https://hazardous9hub.github.io/Indian-Automotive-Specification-Intelligence-Portal/assets/body_styles/sedan.svg,https://hazardous9hub.github.io/Indian-Automotive-Specification-Intelligence-Portal/?brand=Hyundai&model=Verna&fuel=Petrol
Ashok Leyland,Boss,Truck,Diesel,2774602.3,204.1,613.5,5.79,4.0,https://hazardous9hub.github.io/Indian-Automotive-Specification-Intelligence-Portal/assets/vehicles_v2/ashok_leyland_boss.png,https://hazardous9hub.github.io/Indian-Automotive-Specification-Intelligence-Portal/assets/vehicles/ashok_leyland_boss.jpg,https://hazardous9hub.github.io/Indian-Automotive-Specification-Intelligence-Portal/assets/logos/ashok_leyland.svg,https://hazardous9hub.github.io/Indian-Automotive-Specification-Intelligence-Portal/assets/body_styles/truck.svg,https://hazardous9hub.github.io/Indian-Automotive-Specification-Intelligence-Portal/?brand=Ashok+Leyland&model=Boss&fuel=Diesel
Eicher,Pro 3015,Truck,Diesel,2803160.1,211.0,567.9,6.2,4.0,https://hazardous9hub.github.io/Indian-Automotive-Specification-Intelligence-Portal/assets/vehicles_v2/eicher_pro_3015.png,https://hazardous9hub.github.io/Indian-Automotive-Specification-Intelligence-Portal/assets/vehicles/eicher_pro_3015.jpg,https://hazardous9hub.github.io/Indian-Automotive-Specification-Intelligence-Portal/assets/logos/eicher.svg,https://hazardous9hub.github.io/Indian-Automotive-Specification-Intelligence-Portal/assets/body_styles/truck.svg,https://hazardous9hub.github.io/Indian-Automotive-Specification-Intelligence-Portal/?brand=Eicher&model=Pro+3015&fuel=Diesel
Tata,Prima,Truck,Diesel,4070113.5,280.3,1100.6,3.81,4.5,https://hazardous9hub.github.io/Indian-Automotive-Specification-Intelligence-Portal/assets/vehicles_v2/tata_prima.png,https://hazardous9hub.github.io/Indian-Automotive-Specification-Intelligence-Portal/assets/vehicles/tata_prima.jpg,https://hazardous9hub.github.io/Indian-Automotive-Specification-Intelligence-Portal/assets/logos/tata.svg,https://hazardous9hub.github.io/Indian-Automotive-Specification-Intelligence-Portal/assets/body_styles/truck.svg,https://hazardous9hub.github.io/Indian-Automotive-Specification-Intelligence-Portal/?brand=Tata&model=Prima&fuel=Diesel
Maruti Suzuki,Eeco,Van,Diesel,586234.2,81.0,104.0,19.7,3.0,https://hazardous9hub.github.io/Indian-Automotive-Specification-Intelligence-Portal/assets/vehicles_v2/maruti_suzuki_eeco.png,https://hazardous9hub.github.io/Indian-Automotive-Specification-Intelligence-Portal/assets/vehicles/maruti_suzuki_eeco.jpg,https://hazardous9hub.github.io/Indian-Automotive-Specification-Intelligence-Portal/assets/logos/maruti_suzuki.svg,https://hazardous9hub.github.io/Indian-Automotive-Specification-Intelligence-Portal/assets/body_styles/van.svg,https://hazardous9hub.github.io/Indian-Automotive-Specification-Intelligence-Portal/?brand=Maruti+Suzuki&model=Eeco&fuel=Diesel
Force,Traveller,Van,Diesel,1678193.9,115.0,349.9,13.99,3.5,https://hazardous9hub.github.io/Indian-Automotive-Specification-Intelligence-Portal/assets/vehicles_v2/force_traveller.png,https://hazardous9hub.github.io/Indian-Automotive-Specification-Intelligence-Portal/assets/vehicles/force_traveller.jpg,https://hazardous9hub.github.io/Indian-Automotive-Specification-Intelligence-Portal/assets/logos/force.svg,https://hazardous9hub.github.io/Indian-Automotive-Specification-Intelligence-Portal/assets/body_styles/van.svg,https://hazardous9hub.github.io/Indian-Automotive-Specification-Intelligence-Portal/?brand=Force&model=Traveller&fuel=Diesel
Toyota,Innova,Van,Diesel,2354088.6,150.2,359.9,15.61,5.0,https://hazardous9hub.github.io/Indian-Automotive-Specification-Intelligence-Portal/assets/vehicles_v2/toyota_innova.png,https://hazardous9hub.github.io/Indian-Automotive-Specification-Intelligence-Portal/assets/vehicles/toyota_innova.jpg,https://hazardous9hub.github.io/Indian-Automotive-Specification-Intelligence-Portal/assets/logos/toyota.svg,https://hazardous9hub.github.io/Indian-Automotive-Specification-Intelligence-Portal/assets/body_styles/van.svg,https://hazardous9hub.github.io/Indian-Automotive-Specification-Intelligence-Portal/?brand=Toyota&model=Innova&fuel=Diesel
